salary,age,height,weight,gp,pts,reb,ast,net_rtg,oreb_p,dreb_p,usg_p,ts_p,ast_p,foreign
45780966,33,74,185,47,26,5.5,6.3,13.6,0.018,0.127,0.301,0.586,0.284,0
44211146,33,75,200,52,18.7,7.9,7.8,-3,0.037,0.173,0.267,0.511,0.343,0
43848000,32,77,220,44,22.5,8,10.2,0.6,0.026,0.179,0.277,0.576,0.399,0
41180544,37,81,250,36,29.1,7.7,6.3,-0.3,0.03,0.172,0.306,0.619,0.301,0
40918900,33,82,240,36,29.3,7.4,5.8,4.5,0.016,0.168,0.31,0.626,0.266,0
39344970,31,80,220,26,24.7,7.1,5.5,1.3,0.012,0.175,0.332,0.528,0.276,0
39344970,27,83,242,43,28.9,11.3,6,8.4,0.055,0.257,0.345,0.617,0.324,1
39344900,31,74,195,29,24,4.1,7.3,-1.8,0.012,0.104,0.288,0.55,0.321,0
37980720,31,78,220,10,15.6,3.3,2.7,10.2,0.024,0.099,0.289,0.52,0.18,0
36016200,32,79,230,34,21.7,6.3,6.3,4.3,0.055,0.136,0.258,0.594,0.31,0
36000000,29,79,226,42,18.9,7.4,3.7,1.5,0.033,0.176,0.238,0.559,0.173,0
35500000,30,79,222,41,19.6,5.6,5.2,4.9,0.019,0.141,0.257,0.578,0.25,0
35361360,28,82,253,31,23.4,9.7,2.8,-2.3,0.072,0.188,0.27,0.573,0.137,0
35344828,29,85,258,42,16,15.1,1.2,12.1,0.115,0.314,0.169,0.728,0.054,1
34916200,29,74,195,10,23.6,4.9,4.7,7.1,0.014,0.119,0.273,0.577,0.199,1
34502130,28,76,207,40,23.2,4.7,6.6,-3.5,0.026,0.099,0.297,0.539,0.309,0
31650600,26,87,240,34,19.2,7.7,2,1.8,0.062,0.19,0.274,0.561,0.116,1
31610000,26,83,248,45,24.3,9.6,3.9,4.4,0.076,0.191,0.269,0.629,0.188,0
31610000,25,77,206,44,25.5,5.3,4.3,7.9,0.024,0.123,0.318,0.554,0.2,0
31579390,27,84,280,39,29.1,10.8,4.4,7.9,0.067,0.255,0.371,0.607,0.251,1
31579390,26,79,197,47,18.3,4.3,2.1,9.8,0.033,0.094,0.228,0.587,0.105,1
31320000,27,80,230,37,21.1,8.6,5.2,4.9,0.052,0.178,0.251,0.544,0.221,1
31300000,33,80,251,44,14.3,7.5,2.2,4.8,0.05,0.267,0.248,0.605,0.157,0
30864198,30,75,190,34,20.7,4.3,4.5,-3,0.025,0.093,0.257,0.539,0.209,0
30800000,36,72,175,51,14.9,4.5,10.5,9.5,0.01,0.118,0.198,0.58,0.423,0
30510423,26,83,284,45,25.9,13.8,7.8,10.6,0.088,0.318,0.304,0.656,0.389,1
30133333,31,75,205,40,18,4.7,6.5,9.1,0.029,0.105,0.235,0.578,0.295,0
30013500,25,76,193,38,18.8,3.6,6.9,7.5,0.009,0.096,0.254,0.54,0.321,0
29900000,31,79,225,45,17,4.7,3.7,0.5,0.022,0.114,0.203,0.584,0.159,0
29467800,24,80,190,37,22.5,6,5.2,0.9,0.021,0.153,0.29,0.539,0.255,0
28103550,23,80,210,49,25.9,8.4,4.1,7,0.031,0.19,0.314,0.549,0.197,0
28103550,25,73,215,40,25.5,4,5.2,7.9,0.025,0.087,0.322,0.566,0.253,0
28103550,24,75,185,43,21,3.8,5.2,-5.1,0.013,0.092,0.276,0.532,0.241,0
28103550,24,81,255,28,18.1,10,3.5,4,0.082,0.218,0.244,0.582,0.179,0
27000000,35,81,240,44,10.1,7.4,3.3,2.4,0.052,0.196,0.159,0.535,0.171,1
26984128,35,72,196,40,13.1,4.4,8.2,5,0.018,0.112,0.19,0.555,0.349,0
26000000,32,78,220,47,26.5,5.1,5,6.6,0.025,0.118,0.298,0.59,0.235,0
24830357,25,78,223,39,24.2,6.6,3.1,6.5,0.023,0.152,0.302,0.569,0.157,0
24026712,31,78,230,34,7.9,7.6,7.4,9.8,0.038,0.2,0.142,0.581,0.328,0
24000000,31,82,260,44,17.1,11.5,3.6,2.3,0.06,0.282,0.237,0.52,0.164,1
23000000,24,81,226,46,16.7,8,2,1.4,0.056,0.187,0.197,0.628,0.093,0
22477273,29,76,220,53,14.7,4.1,2,-5.2,0.025,0.109,0.216,0.54,0.105,1
21700000,29,77,229,28,18.5,5.1,5.9,2.4,0.025,0.123,0.241,0.558,0.279,0
21306816,29,77,205,42,14.2,3.7,2.2,1.3,0.01,0.114,0.214,0.52,0.115,0
21000000,34,73,175,46,14.3,3,5.3,10.9,0.021,0.08,0.202,0.598,0.272,0
20482143,27,76,210,45,11.8,2.2,1.9,-7.8,0.021,0.053,0.163,0.571,0.095,0
20475000,33,82,236,41,10.2,4.4,1.4,1.7,0.021,0.163,0.176,0.58,0.088,1
20284091,29,80,225,48,16.5,6.1,2.4,-8.2,0.032,0.146,0.19,0.607,0.106,0
20000000,27,80,210,26,20,4.7,2.5,-11.9,0.023,0.116,0.263,0.542,0.142,0
20000000,23,82,243,44,16,10.7,1.9,5.3,0.106,0.209,0.176,0.696,0.087,0
19800000,27,80,250,50,18.5,9.9,5.1,-5.5,0.046,0.223,0.265,0.507,0.248,0
19675926,27,73,197,45,21.5,4.7,7.1,4.6,0.019,0.101,0.236,0.562,0.283,0
19500000,26,77,200,44,24.7,4.8,4.3,1.9,0.008,0.128,0.289,0.608,0.206,0
19440000,35,75,190,5,8,2.8,1.8,-11.5,0.019,0.148,0.172,0.521,0.18,1
18700000,32,79,226,50,17.8,4.2,1.7,4.3,0.026,0.104,0.229,0.597,0.084,1
18604651,24,78,190,35,13,5.4,5.1,3.1,0.029,0.125,0.17,0.575,0.203,0
18562500,25,83,240,46,19.1,12.1,5,0.4,0.092,0.254,0.215,0.65,0.227,1
18218818,33,75,215,44,14.3,2,3.1,-4.5,0.01,0.055,0.188,0.624,0.158,0
18139535,29,78,205,50,14.1,2.9,1.8,-4.4,0.017,0.078,0.205,0.562,0.1,1
18125000,32,73,214,53,9.9,3.4,4.1,-1.1,0.019,0.105,0.198,0.516,0.247,0
18000000,25,83,250,42,12.9,7.1,1,-0.3,0.052,0.188,0.173,0.615,0.053,0
18000000,29,78,225,33,12.5,3.7,2.9,0.4,0.01,0.115,0.186,0.546,0.14,1
17905263,27,73,190,43,18.3,4.1,4,-0.5,0.019,0.101,0.223,0.55,0.182,0
17809524,31,74,190,34,13.1,4.1,6.6,9.1,0.015,0.122,0.234,0.488,0.348,1
17500000,27,78,205,38,18.1,3.8,4.3,-0.9,0.025,0.098,0.263,0.521,0.221,0
17357143,30,78,220,14,11.3,4,1,1.1,0.012,0.109,0.146,0.624,0.047,0
17142857,28,78,215,42,13,4.8,5.9,-2.6,0.027,0.117,0.205,0.505,0.292,0
17103448,27,82,256,43,11.1,12.3,1.5,2,0.13,0.286,0.151,0.574,0.07,1
17073171,28,83,265,50,6.5,9.5,3,6.8,0.155,0.188,0.118,0.541,0.141,1
16409091,26,80,235,47,14.5,5.6,2.5,6.8,0.057,0.12,0.192,0.6,0.108,0
16071429,24,79,232,35,18.7,5.4,2.7,2.1,0.038,0.111,0.213,0.55,0.111,1
16000000,23,77,209,41,18.1,2.8,2,3.8,0.01,0.072,0.209,0.555,0.086,0
16000000,29,82,225,32,6,1.9,0.5,-5.1,0.012,0.112,0.168,0.528,0.043,1
15690909,24,83,240,38,13.6,5.3,1.5,6.8,0.037,0.131,0.185,0.557,0.068,1
15560000,27,79,215,50,11.8,3.1,1.5,2.2,0.014,0.1,0.178,0.566,0.083,0
15517242,28,75,215,40,18.7,3.3,2.1,-8.3,0.012,0.089,0.224,0.593,0.098,0
15428571,25,76,180,46,19.6,8.5,9.1,1.1,0.035,0.199,0.263,0.511,0.381,0
15384615,31,77,181,44,15.3,4.9,4.2,1.2,0.02,0.13,0.214,0.541,0.188,0
15178571,27,76,190,47,14.4,3.5,5.6,1.3,0.016,0.091,0.203,0.551,0.258,0
15057692,27,78,218,41,5.9,2.5,0.9,-0.9,0.024,0.123,0.145,0.601,0.08,0
14391964,25,76,187,52,12.1,3,1.5,-1.8,0.012,0.1,0.195,0.509,0.089,0
14339285,27,76,220,44,11.6,3.9,5.5,7.1,0.018,0.093,0.167,0.527,0.228,0
14320988,33,73,180,34,8.9,4.5,5.1,4.5,0.042,0.125,0.152,0.527,0.267,0
14190000,33,80,235,26,6.1,3.6,2.3,-4.6,0.099,0.141,0.187,0.574,0.241,0
14000000,29,83,265,45,18.2,12,2.5,-0.6,0.107,0.269,0.239,0.604,0.136,1
14000000,34,80,220,45,7.2,2.9,3.5,8.2,0.01,0.099,0.129,0.551,0.195,1
13750000,30,79,225,37,11.5,2.5,1.3,-1.1,0.015,0.08,0.179,0.587,0.069,0
13666667,26,81,214,48,17.7,10.3,2.2,-9.2,0.053,0.265,0.235,0.573,0.118,0
13445120,33,74,200,26,12,3,4,5.8,0.032,0.08,0.217,0.541,0.266,0
13302325,33,84,282,1,8,5,0,2,0.057,0.12,0.129,0.444,0,0
13038862,28,77,204,48,11.4,3.5,1.7,-5.4,0.016,0.098,0.173,0.535,0.085,0
13000000,26,81,221,48,16.4,8.9,2.9,-4.9,0.036,0.216,0.224,0.553,0.132,0
12975471,31,79,209,48,7.6,5.7,1.4,-2.1,0.027,0.161,0.124,0.519,0.066,0
12727273,25,77,206,43,12.1,3.7,2.2,3.6,0.008,0.107,0.159,0.604,0.112,0
12632950,23,83,250,30,16.2,10.4,1.6,5.1,0.096,0.243,0.21,0.658,0.081,1
12500000,30,78,206,44,11.3,2.7,2.1,-11.1,0.012,0.094,0.199,0.533,0.136,0
12420000,29,76,194,50,15.5,3.5,2.4,6.2,0.028,0.095,0.262,0.518,0.145,0
12200000,26,79,225,21,18.4,3.3,2.7,8.8,0.027,0.087,0.286,0.521,0.149,1
12195122,30,83,240,14,11.3,5,2.9,-1.6,0.058,0.189,0.237,0.527,0.203,1
12000000,26,78,203,46,16.6,3.9,1.1,0.8,0.034,0.098,0.228,0.577,0.062,0
12000000,27,83,290,49,14.6,10.7,2.7,-0.1,0.097,0.281,0.231,0.592,0.156,1
12000000,26,77,215,40,13.4,7.8,4.1,-3.5,0.038,0.194,0.169,0.602,0.183,0
11600000,28,77,200,41,10.1,2.7,1.5,2.2,0.024,0.083,0.166,0.581,0.092,0
11312114,22,83,235,30,9.3,7.2,0.6,-3.6,0.091,0.22,0.179,0.521,0.037,0
11000000,30,82,240,52,7.1,4.3,1.1,0.6,0.093,0.127,0.128,0.697,0.081,1
11000000,26,73,195,47,14,2.5,4.5,-0.3,0.013,0.067,0.205,0.516,0.215,0
10690909,29,79,245,37,6.9,5.6,2,-1.5,0.066,0.177,0.125,0.581,0.125,0
10500000,29,77,180,38,7.3,2.5,1.3,2.2,0.023,0.128,0.189,0.53,0.118,0
10384500,28,82,235,35,12,8.1,1.1,-6,0.087,0.214,0.157,0.71,0.07,0
10384500,31,74,208,49,16.5,3.3,4,-1.5,0.015,0.086,0.266,0.496,0.213,0
10245480,20,76,225,46,22.3,5,3.6,5,0.025,0.113,0.268,0.562,0.163,0
10174391,22,79,230,37,26,8.8,8.9,1.2,0.022,0.222,0.353,0.545,0.471,1
10050120,20,78,220,41,15.8,5.5,5.2,-9,0.026,0.144,0.259,0.495,0.274,0
10000000,30,79,210,32,2.8,2,2.4,-13.4,0.035,0.096,0.125,0.373,0.238,1
10000000,34,78,215,33,6.9,2.6,1.1,6.9,0.023,0.083,0.127,0.593,0.062,0
9937150,28,81,230,41,7.9,5.2,2.7,-3,0.036,0.191,0.162,0.498,0.169,0
9742000,32,82,235,33,6.2,4.1,1,-5.2,0.077,0.182,0.193,0.559,0.115,1
9720900,30,81,254,30,6.2,5.4,0.6,-5.1,0.142,0.196,0.186,0.521,0.058,1
9720900,28,79,240,44,14.1,6.8,2.1,2.8,0.091,0.184,0.201,0.687,0.139,0
9720900,31,78,235,41,9.1,4.9,1.4,9.7,0.015,0.146,0.143,0.55,0.061,0
9720900,24,78,210,31,6.3,3.4,0.5,2.7,0.069,0.123,0.126,0.689,0.04,0
9720900,30,81,265,32,5.1,4.8,0.8,-12.6,0.076,0.188,0.139,0.507,0.078,0
9603360,22,75,174,41,26.3,5.9,6.9,1.9,0.04,0.129,0.323,0.566,0.334,0
9536000,30,78,205,44,7.3,3.3,1,7.1,0.017,0.113,0.126,0.549,0.061,0
9536000,30,78,214,51,11.1,4.2,2.5,1.4,0.021,0.134,0.178,0.552,0.149,0
9500000,21,76,234,36,9.7,3.2,2.5,-2,0.021,0.096,0.185,0.488,0.142,0
9180560,22,83,242,53,16.6,5.9,1.1,5.7,0.044,0.149,0.248,0.536,0.057,0
8992200,19,76,186,36,14.3,3.4,2.3,-17.4,0.013,0.095,0.228,0.501,0.125,0
8800000,27,83,220,23,3.5,6,1,-3.2,0.087,0.17,0.071,0.597,0.06,0
8750000,30,82,240,37,7.6,5.9,1.1,2.4,0.045,0.177,0.131,0.577,0.066,1
8750000,26,85,245,43,13.1,9,2.8,3.6,0.131,0.17,0.179,0.603,0.129,1
8730159,24,82,248,9,7,3.1,0.7,-13.3,0.061,0.136,0.196,0.547,0.069,0
8678571,28,77,226,48,7.5,5.1,2.4,4.9,0.027,0.127,0.091,0.646,0.1,0
8623920,21,78,214,45,17.5,5.7,2.5,-6,0.022,0.144,0.25,0.516,0.13,1
8604651,27,77,186,28,8.4,3.9,3.9,9.1,0.032,0.106,0.136,0.563,0.191,0
8526316,29,77,185,46,4.3,2.7,2.5,0.7,0.037,0.112,0.11,0.554,0.2,0
8437500,23,74,200,45,9.8,4.4,2.7,5.4,0.04,0.141,0.2,0.492,0.161,0
8372093,29,81,245,26,8.4,5,0.8,-16.9,0.053,0.155,0.167,0.554,0.062,1
8333333,26,74,183,48,12.7,3,4.2,7.4,0.012,0.086,0.181,0.563,0.191,0
8326471,23,73,164,46,28.1,4,9.2,1.3,0.018,0.095,0.341,0.592,0.426,0
8292683,31,80,227,39,5.9,3.7,0.8,-8.5,0.061,0.191,0.186,0.547,0.091,0
8231760,20,79,180,45,19.9,7.2,7.7,0.4,0.045,0.167,0.269,0.544,0.346,0
8186047,31,74,185,42,15.5,3.4,4.1,4.2,0.012,0.083,0.184,0.617,0.18,0
8137500,31,83,254,43,6.8,7.6,2.9,0.2,0.087,0.193,0.117,0.589,0.151,0
8075160,20,83,215,44,15.2,8.2,2.6,3.8,0.056,0.168,0.199,0.551,0.118,0
8050000,26,79,230,40,10.8,2.4,2,1.3,0.018,0.079,0.201,0.545,0.127,1
7775400,24,80,221,23,12.8,3.3,1.1,-2.2,0.012,0.101,0.195,0.558,0.055,0
7568742,23,84,231,42,10.2,8,1.3,-10.6,0.076,0.206,0.165,0.568,0.08,0
7522200,25,72,196,47,8,2.6,4.1,4.8,0.012,0.108,0.155,0.561,0.28,0
7518518,24,84,240,48,9.6,8,1.3,-5.7,0.107,0.214,0.152,0.687,0.079,1
7422000,20,79,215,5,6.6,2.2,0.6,5.3,0.008,0.08,0.093,0.666,0.033,0
7310000,30,75,200,40,8.5,2.4,3.9,-7,0.017,0.086,0.15,0.596,0.251,1
7280520,20,79,225,42,14.7,7.8,3.4,0.9,0.067,0.142,0.183,0.536,0.143,0
7040880,22,73,192,44,19.8,3.3,8.2,9.1,0.016,0.074,0.255,0.577,0.37,0
7009615,29,81,200,48,9,5.9,0.4,2.7,0.091,0.184,0.179,0.553,0.027,1
7000000,36,77,245,46,8.7,5.4,2.2,6.3,0.052,0.14,0.123,0.63,0.11,0
7000000,34,71,183,34,5.4,1.2,2.2,-13.5,0.013,0.067,0.158,0.596,0.215,0
6920027,22,82,270,44,13.6,10.3,2.6,-3.9,0.068,0.267,0.195,0.585,0.143,0
6720720,21,77,225,37,9.2,3.3,1.8,4.5,0.039,0.073,0.139,0.568,0.089,0
6593040,20,77,205,32,12.3,3.7,4.2,-6.1,0.023,0.097,0.243,0.456,0.232,0
6500000,27,73,183,40,10.5,2.8,3.6,5.3,0.018,0.105,0.246,0.498,0.276,0
6395160,22,78,195,23,4,1.6,1,6.9,0.031,0.124,0.186,0.478,0.145,0
6350000,29,81,233,24,5.5,5,1.2,3.1,0.116,0.129,0.115,0.547,0.078,1
6349671,23,73,190,11,16,3.3,2.1,-5.8,0.041,0.066,0.264,0.523,0.125,0
6175440,26,81,214,22,1.2,1.8,0.3,-10.7,0.08,0.17,0.128,0.345,0.058,1
6104280,21,80,240,19,9.2,6.1,1.1,8.3,0.104,0.154,0.141,0.738,0.069,0
6006420,32,78,180,47,11.1,2.8,1.9,-3.3,0.012,0.086,0.156,0.574,0.091,0
5988000,19,80,205,45,11.7,7.6,6.2,-8.3,0.051,0.173,0.212,0.467,0.319,1
5890000,35,80,250,34,9,4.7,1.1,7.2,0.049,0.17,0.19,0.548,0.082,0
5890000,33,72,180,50,13.8,2.2,2.6,5,0.007,0.057,0.168,0.6,0.112,1
5890000,28,73,172,46,14.4,3.3,4.3,1.7,0.019,0.092,0.227,0.539,0.235,1
5837760,21,76,195,33,12.9,2.8,2.7,-3.2,0.011,0.09,0.203,0.56,0.141,0
5572680,20,77,195,39,6.2,2.9,3.9,-10.9,0.016,0.1,0.143,0.444,0.222,1
5557725,25,78,209,51,12.9,4.3,2.1,9,0.031,0.087,0.139,0.614,0.08,0
5495532,23,78,180,43,22.7,4.7,5.5,-5.1,0.018,0.106,0.289,0.531,0.276,1
5466360,19,79,225,40,6.8,2.5,0.5,2.6,0.045,0.138,0.233,0.562,0.074,1
5421493,23,79,225,50,19.9,7.2,3.4,2,0.031,0.162,0.221,0.581,0.136,0
5348280,21,83,220,39,7.6,3.7,0.4,-4.7,0.082,0.158,0.179,0.665,0.049,0
5333333,29,77,209,50,10.2,4.4,1.3,-1.1,0.024,0.129,0.132,0.632,0.069,0
5258735,23,82,218,9,9.9,6.6,1.9,9.8,0.035,0.172,0.192,0.416,0.085,0
5200000,23,77,202,44,10.6,4.5,1.3,-8,0.047,0.151,0.203,0.545,0.097,0
5178572,25,81,222,52,6.2,7.6,1.7,9.2,0.136,0.208,0.128,0.574,0.104,0
5170564,22,78,215,40,4.7,3.2,1.2,-6,0.041,0.147,0.125,0.529,0.095,0
5105160,23,81,220,47,7.7,3.7,1,10.2,0.059,0.162,0.195,0.609,0.099,0
5007840,20,82,220,53,15.8,4.6,2.9,-6.1,0.031,0.105,0.211,0.556,0.146,1
5005350,24,80,207,39,7.1,3.2,1.3,-8.9,0.023,0.154,0.189,0.501,0.11,0
5000000,33,84,281,23,8.4,3.8,1.8,-8,0.106,0.087,0.194,0.598,0.174,0
5000000,35,74,175,36,7.1,1.6,2,0.1,0.018,0.083,0.226,0.516,0.219,0
5000000,34,84,270,45,9.8,6.9,0.6,8.1,0.135,0.263,0.22,0.676,0.063,0
4916160,23,80,230,12,7.8,3.5,1,-4.7,0.014,0.179,0.203,0.548,0.1,1
4910000,36,81,232,34,3.4,4.3,0.6,3.9,0.084,0.142,0.091,0.56,0.054,0
4910000,35,77,195,49,5.7,2.7,1.3,-15.6,0.025,0.11,0.137,0.5,0.102,0
4878049,31,79,221,48,6.5,3.6,1.2,-7.7,0.055,0.124,0.14,0.565,0.089,0
4692840,21,81,210,51,7.4,4.8,1.6,1.6,0.03,0.173,0.145,0.542,0.097,1
4675830,25,76,203,14,6.8,3.7,1.7,-5.6,0.053,0.116,0.19,0.456,0.124,0
4670160,22,80,217,37,11.3,2.4,1,-9.3,0.022,0.08,0.224,0.535,0.076,0
4650000,29,77,219,33,5.4,3.9,0.8,-4.2,0.056,0.202,0.152,0.547,0.085,0
4629630,24,79,202,45,9,3,2.4,0.9,0.013,0.106,0.174,0.506,0.139,1
4603320,23,72,202,47,9.8,2.3,3.3,-4.8,0.019,0.066,0.191,0.465,0.203,0
4500000,35,80,235,47,10.4,3.1,1.2,0.3,0.023,0.102,0.166,0.61,0.068,0
4500000,33,72,175,34,4.6,1.5,2.6,-6.6,0.017,0.086,0.187,0.438,0.28,0
4458000,21,82,215,26,6.3,5,0.2,10.8,0.132,0.208,0.196,0.551,0.022,0
4447896,23,76,204,49,11.2,2.6,2.3,-2.2,0.01,0.094,0.227,0.492,0.148,0
4437000,25,80,210,48,12.1,4.4,1.2,6.5,0.022,0.131,0.16,0.627,0.065,0
4373160,20,81,185,34,7.2,1.9,0.9,-0.9,0.014,0.067,0.141,0.52,0.057,0
4347600,28,79,220,35,4.1,2.3,0.5,-3.6,0.016,0.098,0.106,0.513,0.036,0
4347600,26,82,250,44,14.9,9.2,1.2,5.5,0.091,0.204,0.212,0.568,0.065,0
4259259,22,81,214,47,7.3,9,1.4,6.9,0.113,0.218,0.11,0.618,0.07,0
4253357,23,79,198,44,11.7,3.2,2.8,4.6,0.014,0.091,0.168,0.576,0.133,0
4235160,21,77,200,45,11.4,4.3,1.5,0.5,0.021,0.14,0.185,0.537,0.081,0
4215120,23,79,230,35,9.9,5.2,2.1,0.9,0.048,0.163,0.17,0.582,0.122,0
4154400,21,76,190,24,5,1.6,0.8,-11.4,0.062,0.083,0.226,0.481,0.122,0
4087904,23,76,213,32,2.7,1.9,0.6,0,0.052,0.082,0.103,0.476,0.061,1
4054695,26,76,198,44,11.8,3.5,1.5,5,0.019,0.096,0.159,0.582,0.073,0
4023600,21,77,185,49,14.4,3.8,7.3,-6.5,0.02,0.087,0.177,0.581,0.316,0
4004280,22,77,195,44,20.1,4.8,4,3.3,0.019,0.123,0.28,0.533,0.206,0
4000000,24,76,201,30,10.4,3.1,1.3,4.4,0.019,0.138,0.244,0.543,0.107,0
4000000,32,82,248,34,3.4,3,0.8,-6.6,0.086,0.231,0.153,0.597,0.148,1
4000000,35,76,188,41,7,3.2,2.5,14.2,0.032,0.084,0.117,0.564,0.127,0
4000000,28,79,220,51,10,4.9,2,3.4,0.05,0.1,0.138,0.558,0.087,0
3980551,25,72,185,39,5.8,1.6,1.8,-5.4,0.011,0.087,0.171,0.547,0.181,0
3946800,19,76,189,24,4.6,1.7,1.3,-2.6,0.039,0.069,0.162,0.478,0.117,1
3940184,27,80,209,22,2.1,1,0.3,-14,0.021,0.108,0.146,0.438,0.061,0
3938818,22,75,181,46,15.7,2.7,3.7,-0.4,0.015,0.078,0.232,0.574,0.209,0
3902439,25,78,222,37,4.2,3.6,1.4,4,0.059,0.179,0.169,0.49,0.157,0
3833333,26,73,200,38,2.9,1.3,0.9,-0.9,0.016,0.088,0.144,0.439,0.122,0
3822240,20,73,170,24,5.9,1.6,2,-14.1,0.023,0.083,0.209,0.466,0.239,0
3804360,22,77,216,41,4.6,2.5,0.5,-0.6,0.039,0.098,0.121,0.515,0.041,0
3804150,30,70,195,49,6,1.9,3.9,-10.4,0.016,0.078,0.145,0.521,0.279,1
3768342,24,76,190,45,7.4,1.9,1.6,6.7,0.012,0.078,0.155,0.529,0.109,0
3749520,24,77,190,45,13.2,4.2,2.2,0,0.024,0.118,0.206,0.528,0.11,1
3731707,28,84,250,31,6.5,4.8,1.2,-6.4,0.08,0.182,0.167,0.569,0.098,1
3631200,22,77,215,36,3.3,1.7,0.3,-1.1,0.022,0.129,0.164,0.464,0.05,0
3562080,19,77,211,29,3.1,1.3,0.3,-2.6,0.023,0.116,0.153,0.509,0.06,0
3500000,30,82,240,42,7.9,3,0.5,1.3,0.03,0.167,0.195,0.632,0.061,0
3500000,33,87,290,16,4.9,1.9,0.1,14.3,0.076,0.225,0.326,0.627,0.041,1
3449400,21,75,185,39,17.8,5.9,6.1,-3.5,0.018,0.154,0.256,0.511,0.292,0
3383640,22,78,224,46,6,2.3,0.9,2,0.03,0.092,0.137,0.553,0.065,0
3333333,29,72,185,27,5.6,0.9,1.6,2.9,0.007,0.072,0.256,0.502,0.253,0
3300000,28,79,230,47,9.4,2.7,1.4,4.9,0.015,0.093,0.169,0.576,0.092,0
3277080,20,80,250,43,8,8.1,1.1,-12.9,0.095,0.211,0.14,0.554,0.071,0
3277080,23,78,229,42,8,4.5,1.5,-8.5,0.024,0.16,0.158,0.497,0.099,0
3261480,23,77,205,48,12.9,3.3,2.8,-4.6,0.026,0.097,0.243,0.472,0.167,1
3214680,19,82,243,43,8.6,4.6,2.4,-9.2,0.088,0.168,0.218,0.566,0.213,1
3113160,20,84,190,36,4.6,4,1.1,-5.1,0.051,0.199,0.186,0.414,0.12,1
3098400,22,84,250,30,4.5,2.9,0.6,-2.4,0.126,0.144,0.201,0.5,0.082,1
3053760,21,80,206,37,4,2.2,0.5,-3,0.049,0.116,0.134,0.493,0.066,0
3000000,26,77,219,36,3.9,3.5,0.8,3.2,0.041,0.197,0.127,0.523,0.082,0
3000000,23,75,205,38,11.4,1.6,0.9,-6.5,0.013,0.056,0.208,0.556,0.071,0
2957520,21,77,200,37,4.5,1.8,1.3,8.1,0.049,0.085,0.134,0.598,0.139,1
2901240,21,75,178,37,7.8,2.1,0.8,-6.3,0.016,0.09,0.194,0.511,0.078,0
2840160,24,77,201,37,5.7,2.4,1.1,1.6,0.021,0.07,0.094,0.582,0.061,0
2824320,22,79,215,51,15.5,5.8,2.6,-11.1,0.036,0.136,0.208,0.51,0.127,0
2770560,21,82,221,16,0.9,0.5,0.3,-15.2,0.047,0.125,0.142,0.651,0.143,1
2726880,25,80,215,39,9.9,5.1,1.3,5.7,0.093,0.151,0.17,0.671,0.106,1
2711280,22,80,225,41,7.7,7.3,1.2,1.1,0.085,0.21,0.162,0.458,0.073,1
2659560,20,80,219,13,1.9,1.2,0.1,-11.8,0,0.214,0.18,0.578,0.034,0
2641691,34,76,207,33,6.2,1.7,0.7,-5.5,0.012,0.073,0.127,0.575,0.052,0
2641691,41,80,235,9,2.9,2,0.3,7.5,0.074,0.25,0.188,0.557,0.077,0
2641691,36,80,215,14,3.4,3.2,1.2,-6.4,0.015,0.158,0.098,0.463,0.089,0
2641691,36,79,257,24,3.4,3.7,1,-0.6,0.093,0.19,0.157,0.443,0.14,0
2641691,32,81,245,10,7.7,2.8,1.4,9.5,0.072,0.073,0.19,0.533,0.102,0
2641691,36,83,250,36,13.4,5.6,0.9,3.3,0.068,0.163,0.223,0.601,0.057,0
2641691,34,79,240,36,5.3,3.5,1.9,0,0.051,0.118,0.131,0.525,0.148,0
2641691,29,82,250,33,3.7,4.5,0.2,8.2,0.141,0.208,0.126,0.591,0.021,1
2641691,36,82,265,40,5.1,5.5,0.5,-1.5,0.128,0.234,0.138,0.652,0.049,0
2641691,37,79,238,49,13.6,4.2,1.1,1.5,0.031,0.112,0.192,0.582,0.058,0
2641691,38,78,215,25,4.2,3.4,3.9,9.9,0.036,0.113,0.11,0.481,0.262,0
2617800,23,78,236,48,7.2,3.3,1,1,0.036,0.107,0.118,0.658,0.067,0
2602920,21,74,200,44,16.9,3.6,4.8,2.6,0.011,0.088,0.202,0.565,0.21,0
2553120,19,76,185,15,3.5,1.4,0.9,-0.9,0.039,0.102,0.202,0.44,0.143,0
2513040,21,80,208,45,9.1,6.3,1.2,-11.6,0.035,0.186,0.174,0.489,0.07,0
2500000,26,81,234,48,10.3,4.7,1.2,-5.6,0.058,0.178,0.215,0.581,0.097,1
2498760,21,81,240,35,6.6,3.6,0.3,-2.3,0.08,0.157,0.152,0.652,0.031,0
2451120,20,82,205,19,5.5,2.8,0.4,-6.3,0.119,0.152,0.222,0.58,0.067,0
2412840,24,77,195,41,7.1,1.5,1.9,1.6,0.022,0.068,0.212,0.504,0.2,0
2401537,32,76,195,30,3.8,1.8,0.9,-8.5,0.018,0.093,0.122,0.461,0.084,0
2401537,32,84,265,40,8.5,7.2,0.4,7.3,0.129,0.262,0.174,0.643,0.028,0
2401537,29,76,200,38,6.4,1.7,1.1,1,0.017,0.062,0.136,0.545,0.072,0
2401537,28,82,279,46,6.2,8.9,1.9,0.2,0.146,0.321,0.169,0.546,0.149,0
2389641,30,78,213,36,2.1,1.8,0.5,-12.2,0.02,0.111,0.082,0.468,0.052,0
2389641,28,80,198,43,8.7,5.3,1.6,10.8,0.045,0.185,0.149,0.604,0.107,0
2389641,29,83,240,27,5.2,4.6,0.8,-2.1,0.128,0.212,0.153,0.627,0.087,0
2389641,28,75,195,35,8.8,1.4,0.8,-9.6,0.012,0.067,0.199,0.583,0.076,0
2353320,19,80,229,15,1.3,2.3,0.5,17.3,0.08,0.227,0.108,0.382,0.09,1
2353320,21,78,200,24,1.2,1.5,0.5,-8.1,0.07,0.103,0.104,0.389,0.082,1
2327220,27,83,250,28,9.2,7.1,1.3,-5.7,0.15,0.262,0.214,0.592,0.124,1
2316240,21,77,220,42,9.8,5.6,1.3,-0.9,0.052,0.158,0.155,0.575,0.074,0
2303040,20,76,175,42,7.2,2.9,2.4,-16,0.016,0.133,0.194,0.478,0.213,0
2259240,20,75,215,43,7.2,2,1.7,-7.9,0.039,0.087,0.2,0.562,0.162,0
2239544,29,80,208,37,3.4,1.8,0.8,-0.1,0.021,0.087,0.104,0.48,0.077,0
2239544,27,75,195,31,3,1.9,2,2.1,0.041,0.124,0.172,0.397,0.244,0
2239200,25,78,196,35,2.7,1.8,0.7,-0.1,0.043,0.141,0.121,0.581,0.114,0
2210640,22,75,190,48,10,2.3,3,8,0.015,0.085,0.213,0.52,0.216,0
2197674,25,77,210,46,4.7,4.5,1.5,0.8,0.057,0.175,0.095,0.612,0.105,0
2168760,21,76,210,34,5.9,1.7,1,-1.8,0.026,0.073,0.155,0.582,0.106,0
2161440,22,76,194,46,16.9,3,3.4,7.9,0.012,0.086,0.241,0.582,0.182,0
2161152,22,86,220,14,2.4,1.4,0.4,0.5,0.049,0.211,0.16,0.565,0.102,1
2145720,22,78,220,49,15.1,6.1,1.8,0.9,0.027,0.154,0.197,0.564,0.08,0
2137440,24,73,195,42,4.7,1.6,1.7,-6.1,0.02,0.1,0.179,0.491,0.218,0
2130240,21,76,203,34,13.4,4,6.2,-7.4,0.023,0.102,0.236,0.501,0.316,0
2096880,21,74,169,39,8.4,2.5,1.9,-1.6,0.01,0.142,0.232,0.506,0.173,0
2089448,29,74,180,42,7.3,2,2.6,-0.8,0.009,0.09,0.184,0.51,0.191,1
2089448,33,81,234,49,6.4,4.1,1.8,6.7,0.055,0.192,0.191,0.558,0.182,1
2089448,28,84,240,9,10.6,4.6,1.4,9.6,0.06,0.144,0.185,0.635,0.105,0
2075880,22,84,270,10,2.2,2.2,0,-8.7,0.064,0.193,0.126,0.619,0,1
2063280,21,81,185,49,8.3,4.3,1.2,-1.7,0.042,0.112,0.144,0.515,0.065,0
2048040,23,73,175,29,3.1,1.1,1,-12,0.019,0.09,0.164,0.459,0.168,0
2036280,20,75,210,40,7.5,2.4,1,-5.9,0.008,0.12,0.193,0.505,0.086,1
2033160,23,77,215,50,18,4.4,2.4,3.8,0.016,0.118,0.224,0.587,0.123,0
2023800,19,76,202,2,1,1,0,-72.4,0.143,0.125,0.118,1,0,0
2009040,20,81,265,23,6.3,4.9,0.3,7.4,0.198,0.208,0.215,0.61,0.038,0
2000000,20,76,175,24,3.4,1.7,1,-15.3,0.022,0.096,0.164,0.413,0.13,1
2000000,23,81,220,31,3.7,1.7,0.6,7.1,0.04,0.083,0.125,0.485,0.06,1
2000000,21,80,242,44,7.1,5.8,1,-10.4,0.062,0.17,0.146,0.506,0.066,0
2000000,28,77,225,14,2.4,1.9,0.5,-0.9,0.026,0.145,0.139,0.431,0.065,1
1994520,21,83,215,27,3.3,2.4,0.5,2.7,0.069,0.147,0.16,0.425,0.069,1
1939350,30,76,205,26,4.6,2.1,0.8,2.7,0.045,0.11,0.136,0.6,0.094,0
1939350,29,75,195,49,7.3,3.7,0.9,10.7,0.063,0.143,0.145,0.694,0.077,0
1939350,27,77,210,45,5.7,3.1,1.2,1.7,0.041,0.108,0.115,0.622,0.086,0
1846738,25,77,205,27,10.5,3,2.8,-0.4,0.019,0.095,0.199,0.516,0.176,0
1802057,23,84,240,47,8.5,8.4,0.5,-2,0.136,0.186,0.11,0.75,0.029,0
1789256,24,82,248,37,3.5,3.9,0.5,6.9,0.118,0.197,0.131,0.6,0.061,0
1789256,27,78,240,19,2.6,3.1,0.3,-19.7,0.069,0.102,0.11,0.343,0.026,0
1789256,24,75,200,46,12.4,3.3,2.4,3.4,0.016,0.097,0.181,0.608,0.127,0
1789256,23,76,200,41,4.5,1.4,1.3,4.7,0.012,0.093,0.164,0.514,0.142,1
1786878,22,77,188,2,0,1,0.5,-20.5,0.182,0,0.188,0,0.2,1
1782621,25,77,215,52,10.1,5.1,2.2,-2,0.045,0.118,0.148,0.564,0.115,0
1782621,22,83,215,24,9.5,5.7,0.9,-5.8,0.102,0.14,0.159,0.647,0.064,0
1782621,22,75,215,46,16.7,4.2,1.7,-8.2,0.02,0.097,0.22,0.542,0.086,1
1782621,22,80,215,21,3.7,2,0.7,2.7,0.044,0.118,0.141,0.521,0.082,0
1782621,25,78,255,38,5.5,2.1,0.6,-0.8,0.05,0.107,0.169,0.614,0.068,0
1782621,23,81,234,47,9,6.1,1,-6.1,0.107,0.172,0.151,0.706,0.073,0
1782621,26,78,205,47,8,4.3,2.6,1.1,0.043,0.109,0.123,0.559,0.123,0
1782621,23,81,240,17,0.9,0.7,0.1,-34.5,0.132,0.114,0.139,0.615,0.08,1
1762796,25,81,245,48,4.8,4,1,-5.9,0.1,0.193,0.169,0.588,0.123,0
1729217,29,78,219,31,3,2.5,0.6,-13.8,0.085,0.138,0.138,0.497,0.085,1
1729217,24,79,205,39,5.8,2.2,1,-7.3,0.026,0.106,0.155,0.521,0.093,1
1729217,24,83,245,43,7.6,2.4,1.1,-4.6,0.038,0.15,0.224,0.638,0.144,1
1729217,26,80,229,40,5.5,4.2,0.6,1.7,0.062,0.159,0.138,0.554,0.049,0
1701593,28,78,209,50,4.7,2.8,2,2.5,0.035,0.139,0.152,0.552,0.191,0
1700000,23,79,206,48,9.3,3.9,2.1,0.9,0.04,0.087,0.132,0.571,0.099,0
1690507,26,78,231,7,2.6,0.9,0.7,-13.6,0.017,0.077,0.119,0.643,0.147,1
1669178,25,77,215,42,11.3,3.4,1.3,4.8,0.019,0.121,0.18,0.611,0.082,0
1669178,27,75,190,28,4.4,1.3,0.5,1.3,0.009,0.086,0.14,0.582,0.06,0
1669178,29,73,179,22,1.8,0.5,1.4,-10.6,0.013,0.058,0.143,0.417,0.246,1
1669178,25,71,185,34,2.7,1.1,2.5,-4.9,0.013,0.076,0.129,0.429,0.301,0
1669178,28,77,205,35,6.7,4.3,1,6,0.068,0.117,0.115,0.603,0.056,0
1669178,25,75,200,44,9.3,2,3.3,3.7,0.017,0.067,0.182,0.567,0.214,0
1517981,20,81,270,4,2,1.3,0,-60.5,0.143,0.118,0.178,0.546,0,0
1517981,22,73,185,42,4.8,1.9,2.4,-2.8,0.028,0.1,0.148,0.55,0.248,0
1517981,22,78,235,11,0.5,0.9,0.3,23.4,0.083,0.182,0.146,0.194,0.097,0
1517981,24,84,245,38,3.4,2,0.3,-13.3,0.083,0.156,0.145,0.703,0.058,1
1517981,24,79,220,26,3.5,2.3,0.8,-5.5,0.045,0.174,0.184,0.453,0.131,0
1517981,23,80,225,40,8.2,3.8,1,-4.3,0.03,0.148,0.188,0.515,0.076,0
1517981,20,75,190,18,2.8,0.5,0.2,1,0.024,0.057,0.213,0.468,0.053,0
1517981,22,76,165,36,4.3,1.2,0.7,0.7,0.011,0.076,0.141,0.527,0.078,0
1517981,23,77,215,13,3.3,1.2,0.4,-28.7,0.023,0.131,0.167,0.609,0.078,0
1517981,21,78,200,28,3.8,2.2,0.8,-12.7,0.051,0.142,0.143,0.546,0.114,0
1500000,20,81,219,9,1.8,1,0.1,19.1,0.049,0.194,0.231,0.477,0.053,0
1489065,22,74,183,27,5.1,2.4,2.4,-7.2,0.022,0.138,0.171,0.49,0.249,0
1489065,23,83,275,37,6.2,6.2,1.1,9,0.122,0.298,0.192,0.547,0.112,1
1366392,29,80,255,13,10.2,7.5,1.1,13.5,0.149,0.196,0.175,0.641,0.066,1
1250000,19,81,203,15,2.3,1.3,0.5,0.7,0.049,0.097,0.137,0.467,0.086,0
1093598,25,77,215,34,11.7,3.5,0.9,-2.7,0.016,0.107,0.146,0.625,0.048,0
1090007,29,79,215,15,3.9,2.1,0.3,-15.1,0.061,0.107,0.149,0.463,0.036,0
1057260,23,78,232,1,0,0,0,-18.2,0,0,0.273,0,0,0
958529,24,81,240,19,5.9,3.5,0.6,1.5,0.079,0.224,0.22,0.592,0.085,0
925258,21,80,195,3,0.7,1,0,-5,0,0.375,0.154,0.347,0,1
925258,21,73,195,20,1.9,0.8,1.2,11.1,0.013,0.095,0.179,0.323,0.232,0
925258,22,83,220,9,1.9,1.1,0,1.2,0.122,0.119,0.247,0.428,0,1
925258,26,83,255,33,4.7,2.3,0.9,1.4,0.1,0.099,0.172,0.61,0.133,1
925258,21,75,193,23,3.7,0.8,1,-6.1,0.006,0.084,0.243,0.519,0.21,0
925258,20,79,206,21,2,1.3,0.2,-19.5,0.092,0.159,0.201,0.47,0.078,0
925258,22,79,204,40,3.7,2.2,1.7,-1.9,0.05,0.136,0.172,0.467,0.203,1
925258,21,81,230,22,2.9,2.7,0.3,-8.1,0.12,0.24,0.149,0.669,0.072,1
925258,20,78,188,36,7,2.5,0.9,-3.2,0.02,0.119,0.209,0.468,0.086,0
925258,22,76,200,47,7.8,2.7,2.5,-0.9,0.015,0.096,0.134,0.614,0.139,0
663024,25,76,205,6,4.2,1.2,0.7,-11.1,0.012,0.107,0.178,0.485,0.108,0
85578,25,81,220,3,0,5,0.7,-50.3,0.286,0.389,0.189,0,0.222,0